component,explained_variance,cumulative_variance
PC1,0.5385983481465099,0.5385983481465099
PC2,0.20840120266151177,0.7469995508080216
PC3,0.05983577576809997,0.8068353265761216
