feature,mean,std
total_time_min,23.440133333333332,18.49786445283767
pieces_started,6.62,5.5544216620634765
completion_depth_avg,39.900200000000005,34.144294495957396
complementary_interactions,4.33,3.9639752774203827
thematic_diversity,3.266,2.5888048722657078
pause_count,0.8673333333333333,1.2613747350499065
