,total_time_min,pieces_started,completion_depth_avg,complementary_interactions,thematic_diversity,pause_count,navigation_speed
total_time_min,1.0,0.23268931399031456,0.5745722810662593,0.14909606978642256,0.11360977146503057,0.09139790950505965,-0.48589296822500805
pieces_started,0.23268931399031456,1.0,-0.19680359354100163,-0.7610974974827424,0.722566693748346,0.7915993693097911,0.6446871706580685
completion_depth_avg,0.5745722810662593,-0.19680359354100163,1.0,0.4451368464926433,-0.38628047632751955,-0.3838503196188252,-0.6390771769836361
complementary_interactions,0.14909606978642256,-0.7610974974827424,0.4451368464926433,1.0,-0.7092396134947316,-0.7966892336819169,-0.6871649772185495
thematic_diversity,0.11360977146503057,0.722566693748346,-0.38628047632751955,-0.7092396134947316,1.0,0.7423758860193451,0.5518481851871821
pause_count,0.09139790950505965,0.7915993693097911,-0.3838503196188252,-0.7966892336819169,0.7423758860193451,1.0,0.5982928010879623
navigation_speed,-0.48589296822500805,0.6446871706580685,-0.6390771769836361,-0.6871649772185495,0.5518481851871821,0.5982928010879623,1.0
